Workbook

Sheet Итог
A1: Параметр | B1: Значение
A2: N (количество клиентов на ТТ) | B2: 1000
A3: MDE (минимальный эффект, руб) | B3: 1000
A5: Прирост выручки (сумма по успешным ТТ) | B5: =SUM('Положительные исходы'!O:O) -> 0
A6: Падение выручки (сумма по неуспешным ТТ) | B6: =SUM('Отрицательные исходы'!O:O) -> 0
A7: Баланс | B7: =B5+B6 -> 0
A8: Количество наблюдений (сумма по нейтральным ТТ) | B8: =SUM('Нейтральные исходы'!O:O) -> 0

Sheet Положительные исходы
A1: city | B1: id_trading_point | C1: count_test | D1: count_control | E1: count_all | F1: percent_count | G1: avg_payment_test | H1: avg_payment_control | I1: diff | J1: sigma_test | K1: sigma_control | L1: ttest | M1: pvalue_ttest | N1: label | O1: Прибыль/Убыток
A2: Казань | B2: 991 | C2: 270 | D2: 294 | E2: 564 | F2: 0.012445386 | G2: 3249.2815 | H2: 2452.9864 | I2: 796.29509 | J2: 4719.5926 | K2: 3633.9359 | L2: 2.2552584 | M2: 0.024501005 | N2: Положительный исход | O2: =I2*Итог!$B$2*F2 -> 0
A3: Санкт-Петербург | B3: 453 | C3: 1066 | D3: 1049 | E3: 2115 | F3: 0.046670197 | G3: 2501.9662 | H3: 1889.9237 | I3: 612.04249 | J3: 2993.4425 | K3: 2648.6593 | L3: 4.9769102 | M3: 6.9832069e-07 | N3: Положительный исход | O3: =I3*Итог!$B$2*F3 -> 0
A4: Москва | B4: 2652 | C4: 2273 | D4: 2370 | E4: 4643 | F4: 0.10245377 | G4: 2506.6168 | H4: 1972.8477 | I4: 533.76913 | J4: 2842.1829 | K4: 2565.8782 | L4: 6.7222298 | M4: 2.0059224e-11 | N4: Положительный исход | O4: =I4*Итог!$B$2*F4 -> 0
A5: Владимир | B5: 11 | C5: 509 | D5: 608 | E5: 1117 | F5: 0.024648043 | G5: 2547.22 | H5: 2108.6102 | I5: 438.60984 | J5: 3023.7022 | K5: 2663.0384 | L5: 2.5769555 | M5: 0.010095112 | N5: Положительный исход | O5: =I5*Итог!$B$2*F5 -> 0
A6: Москва | B6: 1287 | C6: 370 | D6: 357 | E6: 727 | F6: 0.016042191 | G6: 2128.5568 | H6: 1394.6555 | I6: 733.90129 | J6: 2437.3765 | K6: 2338.4618 | L6: 4.1402972 | M6: 3.876566e-05 | N6: Положительный исход | O6: =I6*Итог!$B$2*F6 -> 0
A7: Санкт-Петербург | B7: 801 | C7: 225 | D7: 212 | E7: 437 | F7: 0.0096429675 | G7: 2925.1422 | H7: 2352.283 | I7: 572.8592 | J7: 2774.2921 | K7: 2928.2858 | L7: 2.0999906 | M7: 0.036305006 | N7: Положительный исход | O7: =I7*Итог!$B$2*F7 -> 0
A8: Самара | B8: 33 | C8: 232 | D8: 258 | E8: 490 | F8: 0.010812481 | G8: 4598.2198 | H8: 2311.3876 | I8: 2286.8322 | J8: 2931.2349 | K8: 2371.7713 | L8: 9.5328379 | M8: 7.222519e-20 | N8: Положительный исход | O8: =I8*Итог!$B$2*F8 -> 0
A9: Самара | B9: 34 | C9: 225 | D9: 253 | E9: 478 | F9: 0.010547685 | G9: 3104.5067 | H9: 1752.6087 | I9: 1351.898 | J9: 2956.8269 | K9: 2529.7008 | L9: 5.386265 | M9: 1.1327785e-07 | N9: Положительный исход | O9: =I9*Итог!$B$2*F9 -> 0
A10: Санкт-Петербург | B10: 573 | C10: 177 | D10: 160 | E10: 337 | F10: 0.0074363388 | G10: 2929.0452 | H10: 1641.2125 | I10: 1287.8327 | J10: 3201.0981 | K10: 2619.0448 | L10: 4.0165685 | M10: 7.2940741e-05 | N10: Положительный исход | O10: =I10*Итог!$B$2*F10 -> 0
A11: Санкт-Петербург | B11: 900 | C11: 335 | D11: 341 | E11: 676 | F11: 0.01491681 | G11: 2450.991 | H11: 1689.7918 | I11: 761.19926 | J11: 2865.6074 | K11: 2492.4726 | L11: 3.6869136 | M11: 0.00024525342 | N11: Положительный исход | O11: =I11*Итог!$B$2*F11 -> 0
A12: Самара | B12: 35 | C12: 214 | D12: 194 | E12: 408 | F12: 0.0090030451 | G12: 2762.2243 | H12: 1508.8351 | I12: 1253.3892 | J12: 2977.0835 | K12: 2184.8081 | L12: 4.8066662 | M12: 2.1646757e-06 | N12: Положительный исход | O12: =I12*Итог!$B$2*F12 -> 0
A13: Санкт-Петербург | B13: 117 | C13: 625 | D13: 587 | E13: 1212 | F13: 0.02674434 | G13: 2582.2976 | H13: 2050.6917 | I13: 531.60595 | J13: 2835.0045 | K13: 2595.7378 | L13: 3.3981956 | M13: 0.00070038166 | N13: Положительный исход | O13: =I13*Итог!$B$2*F13 -> 0
... A18: Москва | B18: 1002 | C18: 138 | D18: 188 | E18: 326 | F18: 0.0071936096 | G18: 4121.7536 | H18: 1844.7872 | I18: 2276.9664 | J18: 4084.2632 | K18: 2436.5361 | L18: 6.2746223 | M18: 1.1223868e-09 | N18: Положительный исход | O18: =I18*Итог!$B$2*F18 -> 0

Sheet Отрицательные исходы
A1: city | B1: id_trading_point | C1: count_test | D1: count_control | E1: count_all | F1: percent_count | G1: avg_payment_test | H1: avg_payment_control | I1: diff | J1: sigma_test | K1: sigma_control | L1: ttest | M1: pvalue_ttest | N1: label | O1: Прибыль/Убыток
A2: Волгоград | B2: 66 | C2: 657 | D2: 703 | E2: 1360 | F2: 0.03001015 | G2: 2288.8706 | H2: 2601.761 | I2: -312.8904 | J2: 2682.5676 | K2: 2830.1938 | L2: -2.0892719 | M2: 0.036868999 | N2: Отрицательный исход | O2: =I2*Итог!$B$2*F2 -> 0
A3: Краснодар | B3: 1101 | C3: 785 | D3: 869 | E3: 1654 | F3: 0.036497639 | G3: 2176.0038 | H3: 2523.5788 | I3: -347.575 | J3: 2722.6245 | K3: 2960.3523 | L3: -2.4767363 | M3: 0.013358448 | N3: Отрицательный исход | O3: =I3*Итог!$B$2*F3 -> 0
A4: Москва | B4: 9931 | C4: 153 | D4: 137 | E4: 290 | F4: 0.0063992233 | G4: 1415.7843 | H4: 1968.6934 | I4: -552.90912 | J4: 2038.1642 | K4: 2403.3979 | L4: -2.1191969 | M4: 0.034929469 | N4: Отрицательный исход | O4: =I4*Итог!$B$2*F4 -> 0

Sheet Нейтральные исходы
A1: city | B1: id_trading_point | C1: count_test | D1: count_control | E1: count_all | F1: percent_count | G1: avg_payment_test | H1: avg_payment_control | I1: diff | J1: sigma_test | K1: sigma_control | L1: ttest | M1: pvalue_ttest | N1: label | O1: Требуемое N
A2: Красноярск | B2: 212 | C2: 593 | D2: 575 | E2: 1168 | F2: 0.025773423 | G2: 2144.317 | H2: 2222.0522 | I2: -77.735142 | J2: 2708.5887 | K2: 2785.1163 | L2: -0.48358539 | M2: 0.62877095 | N2: Нейтральный исход | O2: =IF(Итог!$B$3=0, 0, 16*(K2^2)/(Итог!$B$3^2)) -> 0
A3: Мурманск | B3: 54 | C3: 633 | D3: 640 | E3: 1273 | F3: 0.028090384 | G3: 1702.7141 | H3: 1688.5125 | I3: 14.20156 | J3: 2565.1324 | K3: 2628.0125 | L3: 0.097555657 | M3: 0.92230052 | N3: Нейтральный исход | O3: =IF(Итог!$B$3=0, 0, 16*(K3^2)/(Итог!$B$3^2)) -> 0
A4: Красноярск | B4: 278 | C4: 535 | D4: 489 | E4: 1024 | F4: 0.022595878 | G4: 2499.3458 | H4: 2185.2147 | I4: 314.13107 | J4: 2915.9953 | K4: 2574.9156 | L4: 1.8202681 | M4: 0.069010561 | N4: Нейтральный исход | O4: =IF(Итог!$B$3=0, 0, 16*(K4^2)/(Итог!$B$3^2)) -> 0
A5: Москва | B5: 6543 | C5: 662 | D5: 689 | E5: 1351 | F5: 0.029811554 | G5: 1702.4396 | H5: 1528.3251 | I5: 174.11447 | J5: 2453.9017 | K5: 2338.5221 | L5: 1.3353773 | M5: 0.18197816 | N5: Нейтральный исход | O5: =IF(Итог!$B$3=0, 0, 16*(K5^2)/(Итог!$B$3^2)) -> 0
A6: Казань | B6: 699 | C6: 482 | D6: 494 | E6: 976 | F6: 0.021536696 | G6: 2422.2863 | H6: 2574.3522 | I6: -152.06592 | J6: 3906.8179 | K6: 4082.8514 | L6: -0.59425383 | M6: 0.55248036 | N6: Нейтральный исход | O6: =IF(Итог!$B$3=0, 0, 16*(K6^2)/(Итог!$B$3^2)) -> 0
A7: Казань | B7: 477 | C7: 382 | D7: 386 | E7: 768 | F7: 0.016946909 | G7: 2259.623 | H7: 2496.987 | I7: -237.36401 | J7: 3482.8461 | K7: 3881.9947 | L7: -0.89159336 | M7: 0.3728909 | N7: Нейтральный исход | O7: =IF(Итог!$B$3=0, 0, 16*(K7^2)/(Итог!$B$3^2)) -> 0
A8: Казань | B8: 544 | C8: 377 | D8: 416 | E8: 793 | F8: 0.017498566 | G8: 2621.4271 | H8: 2635.5481 | I8: -14.121021 | J8: 3714.8948 | K8: 4639.8207 | L8: -0.04699706 | M8: 0.96252743 | N8: Нейтральный исход | O8: =IF(Итог!$B$3=0, 0, 16*(K8^2)/(Итог!$B$3^2)) -> 0
A9: Саратов | B9: 80 | C9: 844 | D9: 880 | E9: 1724 | F9: 0.038042279 | G9: 2517.3306 | H9: 2511.9727 | I9: 5.3578414 | J9: 2797.123 | K9: 2824.7199 | L9: 0.039558086 | M9: 0.96845003 | N9: Нейтральный исход | O9: =IF(Итог!$B$3=0, 0, 16*(K9^2)/(Итог!$B$3^2)) -> 0
A10: Тольятти | B10: 88 | C10: 190 | D10: 167 | E10: 357 | F10: 0.0078776645 | G10: 2902.4105 | H10: 2439.4611 | I10: 462.94945 | J10: 3074.6489 | K10: 2689.3431 | L10: 1.5045563 | M10: 0.13332732 | N10: Нейтральный исход | O10: =IF(Итог!$B$3=0, 0, 16*(K10^2)/(Итог!$B$3^2)) -> 0
A11: Тюмень | B11: 19 | C11: 130 | D11: 146 | E11: 276 | F11: 0.0060902952 | G11: 2043.8231 | H11: 1743.3767 | I11: 300.44636 | J11: 2442.2668 | K11: 2891.3334 | L11: 0.92645906 | M11: 0.35502276 | N11: Нейтральный исход | O11: =IF(Итог!$B$3=0, 0, 16*(K11^2)/(Итог!$B$3^2)) -> 0
A12: Санкт-Петербург | B12: 112 | C12: 652 | D12: 683 | E12: 1335 | F12: 0.029458493 | G12: 2488.115 | H12: 2218.6369 | I12: 269.47813 | J12: 2778.1792 | K12: 2780.7907 | L12: 1.770712 | M12: 0.076837103 | N12: Нейтральный исход | O12: =IF(Итог!$B$3=0, 0, 16*(K12^2)/(Итог!$B$3^2)) -> 0
A13: Санкт-Петербург | B13: 394 | C13: 104 | D13: 85 | E13: 189 | F13: 0.0041705283 | G13: 1229.6442 | H13: 973.62353 | I13: 256.0207 | J13: 2208.2278 | K13: 1940.8548 | L13: 0.83682539 | M13: 0.40375885 | N13: Нейтральный исход | O13: =IF(Итог!$B$3=0, 0, 16*(K13^2)/(Итог!$B$3^2)) -> 0
... A32: Москва | B32: 3786 | C32: 237 | D32: 278 | E32: 515 | F32: 0.011364138 | G32: 2613.6835 | H32: 2688.2302 | I32: -74.546672 | J32: 2712.2359 | K32: 3292.9376 | L32: -0.2773987 | M32: 0.78158573 | N32: Нейтральный исход | O32: =IF(Итог!$B$3=0, 0, 16*(K32^2)/(Итог!$B$3^2)) -> 0
